{"cameraMode":{"drawMode":0,"name":"Shaded","section":"Shading Mode"},"sceneLighting":true,"audioPlay":false,"sceneViewState":{"showFog":true,"showMaterialUpdate":false,"showSkybox":true,"showFlares":true,"showImageEffects":true,"showParticleSystems":true},"in2DMode":false,"pivot":{"x":7.586061477661133,"y":-26.209369659423829,"z":-38.09103775024414},"rotation":{"x":0.004744741600006819,"y":-0.9224212169647217,"z":0.38598963618278506,"w":0.011341001838445664},"size":76.6265640258789,"orthographic":false}