{"cameraMode":{"drawMode":0,"name":"Shaded","section":"Shading Mode"},"sceneLighting":false,"audioPlay":false,"sceneViewState":{"showFog":true,"showMaterialUpdate":false,"showSkybox":false,"showFlares":true,"showImageEffects":true,"showParticleSystems":true},"in2DMode":false,"pivot":{"x":-0.050780534744262698,"y":0.40412384271621706,"z":-0.03414914011955261},"rotation":{"x":0.036379773169755939,"y":0.7654122710227966,"z":0.04343791306018829,"w":-0.6410412192344666},"size":2.605780839920044,"orthographic":false}